<?xml version="1.0" encoding="UTF-8"?>
<!DOCTYPE beans PUBLIC "-//SPRING//DTD BEAN 2.0//EN" "http://www.springframework.org/dtd/spring-beans-2.0.dtd">
<beans>
	<bean id="registerManager" class="com.computercenter.service.user.manager.impl.RegisterManagerImpl">
		<property name="registerDao">
			<ref bean="registerDao"/>
		</property>
	</bean>
	<bean id="userManager" class="com.computercenter.service.user.manager.impl.UserManagerImpl">
		<property name="userDao">
			<ref bean="userDao"/>
		</property>
	</bean>
	<bean id="registerDao" class="com.computercenter.service.user.dao.impl.RegisterDaoImpl" parent="iBatisDaoSupport">
	</bean>
	<bean id="userDao" class="com.computercenter.service.user.dao.impl.UserDaoImpl" parent="iBatisDaoSupport">
	</bean>
</beans>