{                                                      
	"total":239,                                                      
	"rows":[                                                          
		{"code":"1","name":"Name 1","addr":"Address 11","col4":"col4 data","img":"u33.png"},         
		{"code":"2","name":"Name 2","addr":"Address 13","col4":"col4 data","img":"u33.png"},         
		{"code":"3","name":"Name 3","addr":"Address 87","col4":"col4 data","img":"u33.png"},         
		{"code":"4","name":"Name 4","addr":"Address 63","col4":"col4 data","img":"u33.png"},         
		{"code":"5","name":"Name 5","addr":"Address 45","col4":"col4 data","img":"u33.png"},         
		{"code":"6","name":"Name 6","addr":"Address 16","col4":"col4 data","img":"u33.png"},          
		{"code":"7","name":"Name 7","addr":"Address 27","col4":"col4 data","img":"u33.png"},          
		{"code":"8","name":"Name 8","addr":"Address 81","col4":"col4 data","img":"u33.png"},          
		{"code":"9","name":"Name 9","addr":"Address 69","col4":"col4 data","img":"u33.png"},          
		{"code":"10","name":"Name 10","addr":"Address 78","col4":"col4 data","img":"u33.png"}     
	]                                                          
}