<?xml version="1.0" encoding="UTF-8"?>
<!DOCTYPE beans PUBLIC "-//SPRING//DTD BEAN 2.0//EN" "http://www.springframework.org/dtd/spring-beans-2.0.dtd">
<beans>
	<bean id="registeraction" class="com.computercenter.service.user.action.RegisterAction" scope="prototype">
		<property name="registerManagerAction">
			<ref bean="registerManager"/>
		</property>
	</bean>
	<bean id="useraction" class="com.computercenter.service.user.action.UserAction" scope="prototype">
		<property name="userManager">
			<ref bean="userManager"/>
		</property>
	</bean>
</beans>